,day,IL2_B
0,0,0.0
1,3,11793550419.9773
2,6,3217101412.031782
3,168,0.0
4,171,77628433144.15437
5,174,97781968671.9637
6,336,798677148.6946653
7,339,5740025489.216801
8,342,4239706733.257662
9,504,0.0
10,675,0.0
11,678,0.0
12,840,0.0
13,843,0.0
14,846,0.0
