,day,IL6_B
0,0,0.0
1,3,26226470084.31703
2,6,10923075278.246204
3,168,0.0
4,171,74853561551.4334
5,174,540054584822.9342
6,336,0.0
7,339,24895740101.18044
8,342,7208120741.9898815
9,504,0.0
10,675,815072114.6711638
11,678,0.0
12,840,0.0
13,843,1985005558.178752
14,846,837250947.7234403
