,day,IFNg_B
0,0,0.0
1,3,0.0
2,6,1760403324.0310078
3,168,0.0
4,171,31469758263.565887
5,174,384026207751.938
6,336,0.0
7,339,2147827993.79845
8,342,1604074071.3178296
9,504,0.0
10,675,0.0
11,678,0.0
12,840,0.0
13,843,0.0
14,846,0.0
