,day,IL10_B
0,0,0.0
1,3,135173826666.66667
2,6,1161764240.0
3,168,0.0
4,171,64591169066.66667
5,174,81834965333.33334
6,336,0.0
7,339,71313326933.33334
8,342,5048925093.333334
9,504,0.0
10,675,0.0
11,678,0.0
12,840,365334666.6666668
13,843,602071530.6666669
14,846,0.0
